<?xml version="1.0" encoding="utf-8"?>
<annotation>
<folder>images</folder>
<filename>41729fb3-48424316-rotten-apple-in-a-ceramic-basket.png</filename>
<source>
<database>MyDatabase</database>
<annotation>COCO2017</annotation>
<image>flickr</image>
<flickrid>NULL</flickrid>
<annotator>1</annotator>
</source>
<owner>
<flickrid>NULL</flickrid>
<name>Label Studio</name>
</owner>
<size>
<width>1300</width>
<height>1142</height>
<depth>3</depth>
</size>
<segmented>0</segmented>
<object>
<name>Rotten</name>
<pose>Unspecified</pose>
<truncated>0</truncated>
<difficult>0</difficult>
<bndbox>
<xmin>62</xmin>
<ymin>271</ymin>
<xmax>735</xmax>
<ymax>882</ymax>
</bndbox>
</object>
<object>
<name>Fresh</name>
<pose>Unspecified</pose>
<truncated>0</truncated>
<difficult>0</difficult>
<bndbox>
<xmin>623</xmin>
<ymin>119</ymin>
<xmax>1162</xmax>
<ymax>678</ymax>
</bndbox>
</object>
</annotation>
