<?xml version="1.0" encoding="utf-8"?>
<annotation>
<folder>images</folder>
<filename>8a791bc9-rotten-apple-cut-in-half-aging-or-disease-concept-2BKXTRC.jpg</filename>
<source>
<database>MyDatabase</database>
<annotation>COCO2017</annotation>
<image>flickr</image>
<flickrid>NULL</flickrid>
<annotator>1</annotator>
</source>
<owner>
<flickrid>NULL</flickrid>
<name>Label Studio</name>
</owner>
<size>
<width>1300</width>
<height>1378</height>
<depth>3</depth>
</size>
<segmented>0</segmented>
<object>
<name>Rotten</name>
<pose>Unspecified</pose>
<truncated>0</truncated>
<difficult>0</difficult>
<bndbox>
<xmin>217</xmin>
<ymin>199</ymin>
<xmax>1120</xmax>
<ymax>1099</ymax>
</bndbox>
</object>
</annotation>
