<?xml version="1.0" encoding="utf-8"?>
<annotation>
<folder>images</folder>
<filename>b2b1afa3-35460897-rotten-apple.png</filename>
<source>
<database>MyDatabase</database>
<annotation>COCO2017</annotation>
<image>flickr</image>
<flickrid>NULL</flickrid>
<annotator>1</annotator>
</source>
<owner>
<flickrid>NULL</flickrid>
<name>Label Studio</name>
</owner>
<size>
<width>1300</width>
<height>864</height>
<depth>3</depth>
</size>
<segmented>0</segmented>
<object>
<name>Rotten</name>
<pose>Unspecified</pose>
<truncated>0</truncated>
<difficult>0</difficult>
<bndbox>
<xmin>259</xmin>
<ymin>172</ymin>
<xmax>1085</xmax>
<ymax>761</ymax>
</bndbox>
</object>
</annotation>
