<?xml version="1.0" encoding="utf-8"?>
<annotation>
<folder>images</folder>
<filename>b64626b0-istockphoto-468892877-612x612.jpg</filename>
<source>
<database>MyDatabase</database>
<annotation>COCO2017</annotation>
<image>flickr</image>
<flickrid>NULL</flickrid>
<annotator>1</annotator>
</source>
<owner>
<flickrid>NULL</flickrid>
<name>Label Studio</name>
</owner>
<size>
<width>612</width>
<height>472</height>
<depth>3</depth>
</size>
<segmented>0</segmented>
<object>
<name>Rotten</name>
<pose>Unspecified</pose>
<truncated>0</truncated>
<difficult>0</difficult>
<bndbox>
<xmin>93</xmin>
<ymin>45</ymin>
<xmax>595</xmax>
<ymax>446</ymax>
</bndbox>
</object>
</annotation>
