<?xml version="1.0" encoding="utf-8"?>
<annotation>
<folder>images</folder>
<filename>ca63acd4-33087237-spoiled-rotten-apple-on-a-white-background.webp</filename>
<source>
<database>MyDatabase</database>
<annotation>COCO2017</annotation>
<image>flickr</image>
<flickrid>NULL</flickrid>
<annotator>1</annotator>
</source>
<owner>
<flickrid>NULL</flickrid>
<name>Label Studio</name>
</owner>
<size>
<width>1300</width>
<height>1024</height>
<depth>3</depth>
</size>
<segmented>0</segmented>
<object>
<name>Rotten</name>
<pose>Unspecified</pose>
<truncated>0</truncated>
<difficult>0</difficult>
<bndbox>
<xmin>139</xmin>
<ymin>36</ymin>
<xmax>1139</xmax>
<ymax>941</ymax>
</bndbox>
</object>
</annotation>
