<?xml version="1.0" encoding="utf-8"?>
<annotation>
<folder>images</folder>
<filename>db03bae2-ripe-rotten-apples-white-background-appetizing-apple-moldy-apple-59031144.jpg</filename>
<source>
<database>MyDatabase</database>
<annotation>COCO2017</annotation>
<image>flickr</image>
<flickrid>NULL</flickrid>
<annotator>1</annotator>
</source>
<owner>
<flickrid>NULL</flickrid>
<name>Label Studio</name>
</owner>
<size>
<width>1300</width>
<height>957</height>
<depth>3</depth>
</size>
<segmented>0</segmented>
<object>
<name>Rotten</name>
<pose>Unspecified</pose>
<truncated>0</truncated>
<difficult>0</difficult>
<bndbox>
<xmin>620</xmin>
<ymin>124</ymin>
<xmax>1198</xmax>
<ymax>674</ymax>
</bndbox>
</object>
<object>
<name>Fresh</name>
<pose>Unspecified</pose>
<truncated>0</truncated>
<difficult>0</difficult>
<bndbox>
<xmin>106</xmin>
<ymin>160</ymin>
<xmax>640</xmax>
<ymax>660</ymax>
</bndbox>
</object>
</annotation>
