<?xml version="1.0" encoding="utf-8"?>
<annotation>
<folder>images</folder>
<filename>e93b19c5-half-of-the-rotten-apple-is-isolated-on-a-white-background-full-clipp_E632DYW.jpg</filename>
<source>
<database>MyDatabase</database>
<annotation>COCO2017</annotation>
<image>flickr</image>
<flickrid>NULL</flickrid>
<annotator>1</annotator>
</source>
<owner>
<flickrid>NULL</flickrid>
<name>Label Studio</name>
</owner>
<size>
<width>2500</width>
<height>1960</height>
<depth>3</depth>
</size>
<segmented>0</segmented>
<object>
<name>Rotten</name>
<pose>Unspecified</pose>
<truncated>0</truncated>
<difficult>0</difficult>
<bndbox>
<xmin>284</xmin>
<ymin>148</ymin>
<xmax>2359</xmax>
<ymax>1865</ymax>
</bndbox>
</object>
</annotation>
