<?xml version="1.0" encoding="utf-8"?>
<annotation>
<folder>images</folder>
<filename>05e11e30-istockphoto-480557699-612x612.jpg</filename>
<source>
<database>MyDatabase</database>
<annotation>COCO2017</annotation>
<image>flickr</image>
<flickrid>NULL</flickrid>
<annotator>1</annotator>
</source>
<owner>
<flickrid>NULL</flickrid>
<name>Label Studio</name>
</owner>
<size>
<width>612</width>
<height>405</height>
<depth>3</depth>
</size>
<segmented>0</segmented>
<object>
<name>Rotten</name>
<pose>Unspecified</pose>
<truncated>0</truncated>
<difficult>0</difficult>
<bndbox>
<xmin>46</xmin>
<ymin>124</ymin>
<xmax>301</xmax>
<ymax>361</ymax>
</bndbox>
</object>
<object>
<name>Fresh</name>
<pose>Unspecified</pose>
<truncated>0</truncated>
<difficult>0</difficult>
<bndbox>
<xmin>312</xmin>
<ymin>112</ymin>
<xmax>569</xmax>
<ymax>354</ymax>
</bndbox>
</object>
</annotation>
