<?xml version="1.0" encoding="utf-8"?>
<annotation>
<folder>images</folder>
<filename>0ec7e625-rotten-apple-isolated-white-background-220663216.jpg</filename>
<source>
<database>MyDatabase</database>
<annotation>COCO2017</annotation>
<image>flickr</image>
<flickrid>NULL</flickrid>
<annotator>1</annotator>
</source>
<owner>
<flickrid>NULL</flickrid>
<name>Label Studio</name>
</owner>
<size>
<width>800</width>
<height>600</height>
<depth>3</depth>
</size>
<segmented>0</segmented>
<object>
<name>Rotten</name>
<pose>Unspecified</pose>
<truncated>0</truncated>
<difficult>0</difficult>
<bndbox>
<xmin>124</xmin>
<ymin>34</ymin>
<xmax>659</xmax>
<ymax>550</ymax>
</bndbox>
</object>
</annotation>
