<?xml version="1.0" encoding="utf-8"?>
<annotation>
<folder>images</folder>
<filename>1aec9e5e-istockphoto-834816218-170667a.jpg</filename>
<source>
<database>MyDatabase</database>
<annotation>COCO2017</annotation>
<image>flickr</image>
<flickrid>NULL</flickrid>
<annotator>1</annotator>
</source>
<owner>
<flickrid>NULL</flickrid>
<name>Label Studio</name>
</owner>
<size>
<width>483</width>
<height>357</height>
<depth>3</depth>
</size>
<segmented>0</segmented>
<object>
<name>Fresh</name>
<pose>Unspecified</pose>
<truncated>0</truncated>
<difficult>0</difficult>
<bndbox>
<xmin>187</xmin>
<ymin>66</ymin>
<xmax>459</xmax>
<ymax>325</ymax>
</bndbox>
</object>
<object>
<name>Fresh</name>
<pose>Unspecified</pose>
<truncated>0</truncated>
<difficult>0</difficult>
<bndbox>
<xmin>39</xmin>
<ymin>30</ymin>
<xmax>281</xmax>
<ymax>285</ymax>
</bndbox>
</object>
</annotation>
