<?xml version="1.0" encoding="utf-8"?>
<annotation>
<folder>images</folder>
<filename>321542ce-gettyimages-561167085-612x612.jpg</filename>
<source>
<database>MyDatabase</database>
<annotation>COCO2017</annotation>
<image>flickr</image>
<flickrid>NULL</flickrid>
<annotator>1</annotator>
</source>
<owner>
<flickrid>NULL</flickrid>
<name>Label Studio</name>
</owner>
<size>
<width>612</width>
<height>612</height>
<depth>3</depth>
</size>
<segmented>0</segmented>
<object>
<name>Rotten</name>
<pose>Unspecified</pose>
<truncated>0</truncated>
<difficult>0</difficult>
<bndbox>
<xmin>41</xmin>
<ymin>11</ymin>
<xmax>590</xmax>
<ymax>522</ymax>
</bndbox>
</object>
</annotation>
