<?xml version="1.0" encoding="utf-8"?>
<annotation>
<folder>images</folder>
<filename>4f14948a-istockphoto-900937624-612x612.jpg</filename>
<source>
<database>MyDatabase</database>
<annotation>COCO2017</annotation>
<image>flickr</image>
<flickrid>NULL</flickrid>
<annotator>1</annotator>
</source>
<owner>
<flickrid>NULL</flickrid>
<name>Label Studio</name>
</owner>
<size>
<width>612</width>
<height>486</height>
<depth>3</depth>
</size>
<segmented>0</segmented>
<object>
<name>Rotten</name>
<pose>Unspecified</pose>
<truncated>0</truncated>
<difficult>0</difficult>
<bndbox>
<xmin>440</xmin>
<ymin>33</ymin>
<xmax>570</xmax>
<ymax>157</ymax>
</bndbox>
</object>
<object>
<name>Rotten</name>
<pose>Unspecified</pose>
<truncated>0</truncated>
<difficult>0</difficult>
<bndbox>
<xmin>305</xmin>
<ymin>33</ymin>
<xmax>430</xmax>
<ymax>162</ymax>
</bndbox>
</object>
<object>
<name>Rotten</name>
<pose>Unspecified</pose>
<truncated>0</truncated>
<difficult>0</difficult>
<bndbox>
<xmin>168</xmin>
<ymin>37</ymin>
<xmax>301</xmax>
<ymax>163</ymax>
</bndbox>
</object>
<object>
<name>Rotten</name>
<pose>Unspecified</pose>
<truncated>0</truncated>
<difficult>0</difficult>
<bndbox>
<xmin>25</xmin>
<ymin>39</ymin>
<xmax>168</xmax>
<ymax>157</ymax>
</bndbox>
</object>
<object>
<name>Rotten</name>
<pose>Unspecified</pose>
<truncated>0</truncated>
<difficult>0</difficult>
<bndbox>
<xmin>30</xmin>
<ymin>174</ymin>
<xmax>157</xmax>
<ymax>300</ymax>
</bndbox>
</object>
<object>
<name>Rotten</name>
<pose>Unspecified</pose>
<truncated>0</truncated>
<difficult>0</difficult>
<bndbox>
<xmin>170</xmin>
<ymin>179</ymin>
<xmax>293</xmax>
<ymax>304</ymax>
</bndbox>
</object>
<object>
<name>Rotten</name>
<pose>Unspecified</pose>
<truncated>0</truncated>
<difficult>0</difficult>
<bndbox>
<xmin>311</xmin>
<ymin>174</ymin>
<xmax>443</xmax>
<ymax>300</ymax>
</bndbox>
</object>
<object>
<name>Rotten</name>
<pose>Unspecified</pose>
<truncated>0</truncated>
<difficult>0</difficult>
<bndbox>
<xmin>447</xmin>
<ymin>176</ymin>
<xmax>567</xmax>
<ymax>304</ymax>
</bndbox>
</object>
<object>
<name>Rotten</name>
<pose>Unspecified</pose>
<truncated>0</truncated>
<difficult>0</difficult>
<bndbox>
<xmin>309</xmin>
<ymin>324</ymin>
<xmax>440</xmax>
<ymax>449</ymax>
</bndbox>
</object>
<object>
<name>Rotten</name>
<pose>Unspecified</pose>
<truncated>0</truncated>
<difficult>0</difficult>
<bndbox>
<xmin>165</xmin>
<ymin>318</ymin>
<xmax>300</xmax>
<ymax>453</ymax>
</bndbox>
</object>
<object>
<name>Rotten</name>
<pose>Unspecified</pose>
<truncated>0</truncated>
<difficult>0</difficult>
<bndbox>
<xmin>27</xmin>
<ymin>316</ymin>
<xmax>163</xmax>
<ymax>454</ymax>
</bndbox>
</object>
<object>
<name>Rotten</name>
<pose>Unspecified</pose>
<truncated>0</truncated>
<difficult>0</difficult>
<bndbox>
<xmin>444</xmin>
<ymin>316</ymin>
<xmax>579</xmax>
<ymax>447</ymax>
</bndbox>
</object>
</annotation>
