<?xml version="1.0" encoding="utf-8"?>
<annotation>
<folder>images</folder>
<filename>7034d8a2-800px_COLOURBOX4365231.jpg</filename>
<source>
<database>MyDatabase</database>
<annotation>COCO2017</annotation>
<image>flickr</image>
<flickrid>NULL</flickrid>
<annotator>1</annotator>
</source>
<owner>
<flickrid>NULL</flickrid>
<name>Label Studio</name>
</owner>
<size>
<width>800</width>
<height>675</height>
<depth>3</depth>
</size>
<segmented>0</segmented>
<object>
<name>Rotten</name>
<pose>Unspecified</pose>
<truncated>0</truncated>
<difficult>0</difficult>
<bndbox>
<xmin>303</xmin>
<ymin>161</ymin>
<xmax>799</xmax>
<ymax>637</ymax>
</bndbox>
</object>
</annotation>
