<?xml version="1.0" encoding="utf-8"?>
<annotation>
<folder>images</folder>
<filename>7998f7ba-A3cb2a768262e444e846b16498d78a85eD.jpg</filename>
<source>
<database>MyDatabase</database>
<annotation>COCO2017</annotation>
<image>flickr</image>
<flickrid>NULL</flickrid>
<annotator>1</annotator>
</source>
<owner>
<flickrid>NULL</flickrid>
<name>Label Studio</name>
</owner>
<size>
<width>2400</width>
<height>2400</height>
<depth>3</depth>
</size>
<segmented>0</segmented>
<object>
<name>Fresh</name>
<pose>Unspecified</pose>
<truncated>0</truncated>
<difficult>0</difficult>
<bndbox>
<xmin>1139</xmin>
<ymin>836</ymin>
<xmax>2328</xmax>
<ymax>2015</ymax>
</bndbox>
</object>
<object>
<name>Fresh</name>
<pose>Unspecified</pose>
<truncated>0</truncated>
<difficult>0</difficult>
<bndbox>
<xmin>50</xmin>
<ymin>710</ymin>
<xmax>1224</xmax>
<ymax>1955</ymax>
</bndbox>
</object>
<object>
<name>Fresh</name>
<pose>Unspecified</pose>
<truncated>0</truncated>
<difficult>0</difficult>
<bndbox>
<xmin>589</xmin>
<ymin>257</ymin>
<xmax>1753</xmax>
<ymax>1174</ymax>
</bndbox>
</object>
</annotation>
