<?xml version="1.0" encoding="utf-8"?>
<annotation>
<folder>images</folder>
<filename>9b400557-rotten-apple-black-background-rotten-apple-black-background-193252456.jpg</filename>
<source>
<database>MyDatabase</database>
<annotation>COCO2017</annotation>
<image>flickr</image>
<flickrid>NULL</flickrid>
<annotator>1</annotator>
</source>
<owner>
<flickrid>NULL</flickrid>
<name>Label Studio</name>
</owner>
<size>
<width>800</width>
<height>533</height>
<depth>3</depth>
</size>
<segmented>0</segmented>
<object>
<name>Rotten</name>
<pose>Unspecified</pose>
<truncated>0</truncated>
<difficult>0</difficult>
<bndbox>
<xmin>166</xmin>
<ymin>45</ymin>
<xmax>619</xmax>
<ymax>467</ymax>
</bndbox>
</object>
</annotation>
