<?xml version="1.0" encoding="utf-8"?>
<annotation>
<folder>images</folder>
<filename>b1bd20bb-wes-akf000361.jpg</filename>
<source>
<database>MyDatabase</database>
<annotation>COCO2017</annotation>
<image>flickr</image>
<flickrid>NULL</flickrid>
<annotator>1</annotator>
</source>
<owner>
<flickrid>NULL</flickrid>
<name>Label Studio</name>
</owner>
<size>
<width>700</width>
<height>1050</height>
<depth>3</depth>
</size>
<segmented>0</segmented>
<object>
<name>Rotten</name>
<pose>Unspecified</pose>
<truncated>0</truncated>
<difficult>0</difficult>
<bndbox>
<xmin>8</xmin>
<ymin>2</ymin>
<xmax>690</xmax>
<ymax>343</ymax>
</bndbox>
</object>
<object>
<name>Fresh</name>
<pose>Unspecified</pose>
<truncated>0</truncated>
<difficult>0</difficult>
<bndbox>
<xmin>187</xmin>
<ymin>375</ymin>
<xmax>445</xmax>
<ymax>655</ymax>
</bndbox>
</object>
<object>
<name>Rotten</name>
<pose>Unspecified</pose>
<truncated>0</truncated>
<difficult>0</difficult>
<bndbox>
<xmin>6</xmin>
<ymin>648</ymin>
<xmax>699</xmax>
<ymax>1038</ymax>
</bndbox>
</object>
</annotation>
