<?xml version="1.0" encoding="utf-8"?>
<annotation>
<folder>images</folder>
<filename>b2525c1d-red-apple-fruit.jpg</filename>
<source>
<database>MyDatabase</database>
<annotation>COCO2017</annotation>
<image>flickr</image>
<flickrid>NULL</flickrid>
<annotator>1</annotator>
</source>
<owner>
<flickrid>NULL</flickrid>
<name>Label Studio</name>
</owner>
<size>
<width>1900</width>
<height>1900</height>
<depth>3</depth>
</size>
<segmented>0</segmented>
<object>
<name>Fresh</name>
<pose>Unspecified</pose>
<truncated>0</truncated>
<difficult>0</difficult>
<bndbox>
<xmin>207</xmin>
<ymin>403</ymin>
<xmax>1687</xmax>
<ymax>1764</ymax>
</bndbox>
</object>
</annotation>
