<?xml version="1.0" encoding="utf-8"?>
<annotation>
<folder>images</folder>
<filename>d2c35586-two-rotten-one-good-apple-260nw-488191876.webp</filename>
<source>
<database>MyDatabase</database>
<annotation>COCO2017</annotation>
<image>flickr</image>
<flickrid>NULL</flickrid>
<annotator>1</annotator>
</source>
<owner>
<flickrid>NULL</flickrid>
<name>Label Studio</name>
</owner>
<size>
<width>521</width>
<height>280</height>
<depth>3</depth>
</size>
<segmented>0</segmented>
<object>
<name>Rotten</name>
<pose>Unspecified</pose>
<truncated>0</truncated>
<difficult>0</difficult>
<bndbox>
<xmin>5</xmin>
<ymin>55</ymin>
<xmax>165</xmax>
<ymax>224</ymax>
</bndbox>
</object>
<object>
<name>Rotten</name>
<pose>Unspecified</pose>
<truncated>0</truncated>
<difficult>0</difficult>
<bndbox>
<xmin>165</xmin>
<ymin>55</ymin>
<xmax>332</xmax>
<ymax>222</ymax>
</bndbox>
</object>
<object>
<name>Fresh</name>
<pose>Unspecified</pose>
<truncated>0</truncated>
<difficult>0</difficult>
<bndbox>
<xmin>337</xmin>
<ymin>12</ymin>
<xmax>505</xmax>
<ymax>224</ymax>
</bndbox>
</object>
</annotation>
