<?xml version="1.0" encoding="utf-8"?>
<annotation>
<folder>images</folder>
<filename>d30cc8a1-rotten-apple-isolated-on-white-260nw-435795946.png</filename>
<source>
<database>MyDatabase</database>
<annotation>COCO2017</annotation>
<image>flickr</image>
<flickrid>NULL</flickrid>
<annotator>1</annotator>
</source>
<owner>
<flickrid>NULL</flickrid>
<name>Label Studio</name>
</owner>
<size>
<width>255</width>
<height>280</height>
<depth>3</depth>
</size>
<segmented>0</segmented>
<object>
<name>Rotten</name>
<pose>Unspecified</pose>
<truncated>0</truncated>
<difficult>0</difficult>
<bndbox>
<xmin>25</xmin>
<ymin>24</ymin>
<xmax>231</xmax>
<ymax>224</ymax>
</bndbox>
</object>
</annotation>
