<?xml version="1.0" encoding="utf-8"?>
<annotation>
<folder>images</folder>
<filename>da97aab2-rotten-apple-260nw-526876801.webp</filename>
<source>
<database>MyDatabase</database>
<annotation>COCO2017</annotation>
<image>flickr</image>
<flickrid>NULL</flickrid>
<annotator>1</annotator>
</source>
<owner>
<flickrid>NULL</flickrid>
<name>Label Studio</name>
</owner>
<size>
<width>376</width>
<height>280</height>
<depth>3</depth>
</size>
<segmented>0</segmented>
<object>
<name>Rotten</name>
<pose>Unspecified</pose>
<truncated>0</truncated>
<difficult>0</difficult>
<bndbox>
<xmin>93</xmin>
<ymin>36</ymin>
<xmax>291</xmax>
<ymax>219</ymax>
</bndbox>
</object>
</annotation>
