<?xml version="1.0" encoding="utf-8"?>
<annotation>
<folder>images</folder>
<filename>e7c76b2c-download_2.jpeg</filename>
<source>
<database>MyDatabase</database>
<annotation>COCO2017</annotation>
<image>flickr</image>
<flickrid>NULL</flickrid>
<annotator>1</annotator>
</source>
<owner>
<flickrid>NULL</flickrid>
<name>Label Studio</name>
</owner>
<size>
<width>214</width>
<height>236</height>
<depth>3</depth>
</size>
<segmented>0</segmented>
<object>
<name>Fresh</name>
<pose>Unspecified</pose>
<truncated>0</truncated>
<difficult>0</difficult>
<bndbox>
<xmin>10</xmin>
<ymin>45</ymin>
<xmax>207</xmax>
<ymax>222</ymax>
</bndbox>
</object>
</annotation>
